Workbook
Name Access: #REF!
Name Action_taken: '[1]Data Table'!$AC$5:$AC$16
Name Action_taken: #REF!
Name Area: '[1]Data Table'!$AG$5:$AG$10
Name Area: #REF!
Name areas: #REF!
Name Asbestos: #REF!
Name Asbestos_Test: '[1]Data Table'!$F$5:$F$8
Name Asbestos_Test: #REF!
Name Asbestos_Test_Taken: #REF!
Name Asbestos_Tests: #REF!
Name Auth: #REF!
Name Authority: #REF!
Name ClaimType: #REF!
Name code1: #REF!
Name code2: '[1]Data Table'!$B$5:$B$90
Name code2: #REF!
Name CollExc: #REF!
Name condition: '[1]Data Table'!$AA$5:$AA$7
Name condition: #REF!
Name Condition_Additional: '[1]Data Table'!$AB$5:$AB$23
Name Condition_Additional: #REF!
Name Damage: #REF!
Name days: '[1]Data Table'!$AI$5:$AI$9
Name days: #REF!
Name Dispose: '[1]Data Table'!$F$17:$F$18
Name Dispose: #REF!
Name electrician: #REF!
Name Electrics: #REF!
Name Excess: '[1]Data Table'!$T$5:$T$9
Name Excess: #REF!
Name Fire_C: #REF!
Name fire_cat: #REF!
Name Fire_t: #REF!
Name fire_type: #REF!
Name firetype: #REF!
Name Fixed: #REF!
Name Floorings: #REF!
Name from: '[1]Data Table'!$AF$5:$AF$7
Name from: #REF!
Name HighRisk: #REF!
Name Incident: #REF!
Name LA: #REF!
Name mould: #REF!
Name photos: #REF!
Name RA: '[1]Data Table'!$AJ$5:$AJ$7
Name RA: #REF!
Name response: #REF!
Name restsuc: '[1]Data Table'!$G$17:$G$18
Name restsuc: #REF!
Name Result: #REF!
Name results: '[1]Data Table'!$Z$5:$Z$7
Name results: #REF!
Name room: '[1]Data Table'!$AD$5:$AD$15
Name room: #REF!
Name rooms: '[1]Data Table'!$AD$5:$AD$768
Name rooms: #REF!
Name RoomsEff: #REF!
Name Service: 'Removal & Storage Requirement'!$B$26:$B$28
Name SLA: #REF!

Sheet HOME
B5: Response Reference | E5: Link
B6: Policyholder | E6: Final Moisture Readings
B7: Address | E7: Completion Note
B8: Postcode | E8: Strip Out Works
B9: Telephone | E9: Electricity Usage
B10: Operator | E10: Measurements
B11: Operator Address | E11: Risk Assessment
B12: Technician | E12: PAT Test
B13: Client Branch (i.e. Davies Watford, BVU etc) | E13: BER List
B14: Client Handler | E14: Contents Inventory
B15: Room 1 | E15: Furniture Restoration
B16: Room 2 | E16: Dry Cleaning & Laundry
... B18: Room 4 | E18: Removal & Storage Requirement
B19: Room 5
B20: Room 6
B21: Room 7
B22: Room 8
B23: Room 9
B24: Room 10
B25: Room 11
B26: Room 12

Sheet Final Moisture Readings
B5: Final Moisture Reading Certificate
B9: IMPORTANT NOTE: This document is to certify that the above property has been dried to a satisfactory level in line with the PAS 64 industry guidelines and put back to the pre-loss levels. It is understood and agreed that this final moisture reading certificate relates solely to water damage arising from the incident detailed below. No liability can be accepted for damage arising from any prior or subsequent water damage incident and no liability can be accepted for any pre-existing condition or inherent defect. Choosing to reinstate the property with a different covering than existed previously may demand further drying. Affected areas and their residual conditions are listed below for your attention.
B11: Policyholder name: | E11: =HOME!C6 -> 0 | I11: Address: | L11: =HOME!C7 -> 0
B13: Response ref No: | E13: =HOME!C5 -> 0
B15: Claim Type | I15: Postcode | L15: =HOME!C8 -> 0
B17: Room | D17: Affected Area | E17: Initial Reading | F17: Final Readings | G17: Comments | I17: Room | K17: Affected Area | L17: Initial Reading | M17: Final Readings | N17: Comments
B18: =HOME!C15 -> 0 | I18: =HOME!C21 -> 0
B24: =HOME!C16 -> 0 | I24: =HOME!C22 -> 0
B30: =HOME!C17 -> 0 | I30: =HOME!C23 -> 0
B36: =HOME!C18 -> 0 | I36: =HOME!C24 -> 0
B42: =HOME!C19 -> 0 | I42: =HOME!C25 -> 0
B48: =HOME!C20 -> 0 | I48: =HOME!C26 -> 0
B55: Notes/Comments/Observations
B58: Concerns/Pre Incident Condition
B62: Date of incident: | I62: Completion date:
B65: Operator Details: | E65: =HOME!C10 -> 0
E67: =HOME!C11 -> 0
B74: Operator Signature: | I74: Date:

Sheet Completion Note
G6: Claim No: | I6: =HOME!C5 -> 0
B9: Completion Note
B11: This form should be completed and signed by the Approved Operator and the customer and returned to Response.
B14: Policy Holder: | D14: =HOME!C6 -> 0
B18: Address:
B19: =HOME!C7 -> 0
B22: Postcode: | D22: =HOME!C8 -> 0
B25: I (Approved Operator) confirm that the insurance based restoration works have been completed: (please tick)
B29: ( ) In accordance with our delegated authority
B32: ( ) In accordance with the approved works
B35: I (the customer) confirm that the Approved Operator has completed the agreed works to my satisfaction, and to the best of my knowledge and so far as is reasonably practicable. The customer should not sign unless this form has already been completed and signed by the Operator.
B41: Operator Signature | G41: Print
G42: Date
B43: On Behalf Of | D43: =HOME!C10 -> 0
D44: =HOME!C11 -> 0
B48: Policyholder Signature | G48: Print
G49: Date

Sheet Strip Out Works
B4: Strip Out Request
B6: Response Reference Number | F6: =HOME!C5 -> 0
B7: Policyholder | F7: =HOME!C6 -> 0
B8: Address | F8: =HOME!C7 -> 0
B9: Postcode | F9: =HOME!C8 -> 0
B10: Response Operator | F10: =HOME!C10 -> 0
B11: Technician Name | F11: =HOME!C12 -> 0
B13: Details
B15: WHAT STRIP OUT WORKS ARE BEING REQUESTED?
B16: (Please include approx room measurements, room location, details of work required inc approx sizes etc)
B17: Room | C17: Size | F17: Detail
C18: Length | D18: Width | E18: Height
B30: ANY ADDITIONAL INFORMATION?
B31: (provide additional information which may help the contractor undertake the necessary works)
B38: PHOTOS?

Sheet Electricity Usage
B5: Electricity usage calculation sheet
B7: Policy Holder: | D7: Address: | G7: Claim No:
B8: Equipment | C8: Qty | D8: Days on site | E8: Hours per day used | F8: Kw's | G8: Total amount of units
G9: =IF(PRODUCT(C9:F9)=0,"",PRODUCT(C9:F9))
G10: =IF(PRODUCT(C10:F10)=0,"",PRODUCT(C10:F10))
G11: =IF(PRODUCT(C11:F11)=0,"",PRODUCT(C11:F11))
G12: =IF(PRODUCT(C12:F12)=0,"",PRODUCT(C12:F12))
G13: =IF(PRODUCT(C13:F13)=0,"",PRODUCT(C13:F13))
G14: =IF(PRODUCT(C14:F14)=0,"",PRODUCT(C14:F14))
G15: =IF(PRODUCT(C15:F15)=0,"",PRODUCT(C15:F15))
G16: =IF(PRODUCT(C16:F16)=0,"",PRODUCT(C16:F16))
G17: =IF(PRODUCT(C17:F17)=0,"",PRODUCT(C17:F17))
G18: =IF(PRODUCT(C18:F18)=0,"",PRODUCT(C18:F18))
G19: =IF(PRODUCT(C19:F19)=0,"",PRODUCT(C19:F19))
G20: =IF(PRODUCT(C20:F20)=0,"",PRODUCT(C20:F20))
B21: Total units | G21: =SUM(G9:H20) -> 0
B22: Please note: Cost per Kwh will have to be obtained from the policy holder by the Loss Adjuster as the cost per unit vary from company to company | E22: For Loss Adjuster Use Only - Cost per Kwh | G22: 0.15
E23: The figure above is for guidance only and may not be accurate. Accurate costs should be gained from the policy holder
E25: Estimated cost of electricity used | G25: =SUM(G21*G22) -> 0
B26: Instruction for use: Enter the type of equipment being used, the amount of that equipment, how many days the equipment was on site, how many hours a day the equipment was running for, the kw's of the equipment. This will give the total amount of units in Kwh's that the equipment has used whilst it has been on site. Below is a calculator to help you work out the wattage of each item of equipment if it is not shown on the machine.
C30: Amps | D30: Volts | E30: Watt's | F30: Total Kw's
D31: 230 | E31: =SUM(C31*D31) -> 0 | F31: =SUM(E31/1000) -> 0

Sheet Measurements
B3: Policy Holder: | C3: =HOME!C6 -> 0 | G3: Claim No: | H3: =HOME!C5 -> 0
B4: Room | C4: Length | D4: Width | E4: Height | F4: Linear metres | G4: Long Wall M2 | H4: Short Wall M2 | I4: Total Walls (incl. Doors/ windows) | J4: M2 Floor or Ceiling | K4: Total M3
B5: =HOME!C15 -> 0 | F5: =SUM(C5+C5+D5+D5) -> 0 | G5: =SUM(C5*E5) -> 0 | H5: =SUM(D5*E5) -> 0 | I5: =SUM(G5+G5+H5+H5) -> 0 | J5: =SUM(C5*D5) -> 0 | K5: =SUM(C5*D5*E5) -> 0
B6: =HOME!C16 -> 0 | F6: =SUM(C6+C6+D6+D6) -> 0 | G6: =SUM(C6*E6) -> 0 | H6: =SUM(D6*E6) -> 0 | I6: =SUM(G6+G6+H6+H6) -> 0 | J6: =SUM(C6*D6) -> 0 | K6: =SUM(C6*D6*E6) -> 0
B7: =HOME!C17 -> 0 | F7: =SUM(C7+C7+D7+D7) -> 0 | G7: =SUM(C7*E7) -> 0 | H7: =SUM(D7*E7) -> 0 | I7: =SUM(G7+G7+H7+H7) -> 0 | J7: =SUM(C7*D7) -> 0 | K7: =SUM(C7*D7*E7) -> 0
B8: =HOME!C18 -> 0 | F8: =SUM(C8+C8+D8+D8) -> 0 | G8: =SUM(C8*E8) -> 0 | H8: =SUM(D8*E8) -> 0 | I8: =SUM(G8+G8+H8+H8) -> 0 | J8: =SUM(C8*D8) -> 0 | K8: =SUM(C8*D8*E8) -> 0
B9: =HOME!C19 -> 0 | F9: =SUM(C9+C9+D9+D9) -> 0 | G9: =SUM(C9*E9) -> 0 | H9: =SUM(D9*E9) -> 0 | I9: =SUM(G9+G9+H9+H9) -> 0 | J9: =SUM(C9*D9) -> 0 | K9: =SUM(C9*D9*E9) -> 0
B10: =HOME!C20 -> 0 | F10: =SUM(C10+C10+D10+D10) -> 0 | G10: =SUM(C10*E10) -> 0 | H10: =SUM(D10*E10) -> 0 | I10: =SUM(G10+G10+H10+H10) -> 0 | J10: =SUM(C10*D10) -> 0 | K10: =SUM(C10*D10*E10) -> 0
B11: =HOME!C21 -> 0 | F11: =SUM(C11+C11+D11+D11) -> 0 | G11: =SUM(C11*E11) -> 0 | H11: =SUM(D11*E11) -> 0 | I11: =SUM(G11+G11+H11+H11) -> 0 | J11: =SUM(C11*D11) -> 0 | K11: =SUM(C11*D11*E11) -> 0
B12: =HOME!C22 -> 0 | F12: =SUM(C12+C12+D12+D12) -> 0 | G12: =SUM(C12*E12) -> 0 | H12: =SUM(D12*E12) -> 0 | I12: =SUM(G12+G12+H12+H12) -> 0 | J12: =SUM(C12*D12) -> 0 | K12: =SUM(C12*D12*E12) -> 0
B13: =HOME!C23 -> 0 | F13: =SUM(C13+C13+D13+D13) -> 0 | G13: =SUM(C13*E13) -> 0 | H13: =SUM(D13*E13) -> 0 | I13: =SUM(G13+G13+H13+H13) -> 0 | J13: =SUM(C13*D13) -> 0 | K13: =SUM(C13*D13*E13) -> 0
B14: =HOME!C24 -> 0 | F14: =SUM(C14+C14+D14+D14) -> 0 | G14: =SUM(C14*E14) -> 0 | H14: =SUM(D14*E14) -> 0 | I14: =SUM(G14+G14+H14+H14) -> 0 | J14: =SUM(C14*D14) -> 0 | K14: =SUM(C14*D14*E14) -> 0
B15: =HOME!C25 -> 0 | F15: =SUM(C15+C15+D15+D15) -> 0 | G15: =SUM(C15*E15) -> 0 | H15: =SUM(D15*E15) -> 0 | I15: =SUM(G15+G15+H15+H15) -> 0 | J15: =SUM(C15*D15) -> 0 | K15: =SUM(C15*D15*E15) -> 0
B16: =HOME!C26 -> 0 | F16: =SUM(C16+C16+D16+D16) -> 0 | G16: =SUM(C16*E16) -> 0 | H16: =SUM(D16*E16) -> 0 | I16: =SUM(G16+G16+H16+H16) -> 0 | J16: =SUM(C16*D16) -> 0 | K16: =SUM(C16*D16*E16) -> 0
B17: Totals | F17: =SUM(F5:F16) -> 0 | G17: =SUM(G5:G16) -> 0 | H17: =SUM(H5:H16) -> 0 | I17: =SUM(I5:I16) -> 0 | J17: =SUM(J5:J16) -> 0 | K17: =SUM(K5:K16) -> 0

Sheet Risk Assessment
C1: SITE SPECIFIC RISK ASSESSMENT
B3: Policyholder: | C3: =HOME!C6 -> 0 | E3: If no generic or specific risk assessments apply & no undue risk is perceived beyond that which is acceptable, please confirm.
B5: Ref: | C5: =HOME!C5 -> 0
I6: FALSE
B8: Persons Affected | C8: Numbers | D8: Risk Value Table
D9: Risk = Likelihood X Severity
D10: Likelihood | F10: Severity
D11: Improbable | E11: 1 | F11: Minor | H11: 1
D12: Possible | E12: 2 | F12: Over 3 day injury | H12: 2
D13: Probable | E13: 3 | F13: Fatal / major injury | H13: 3
D14: LOW (L) = 1-2 MEDUIM (M) = 3-5 HIGH (H) = 6-9
B16: Significant Hazard | C16: Type of injury and possible severity | D16: Risk Value | E16: Additional Control Measures
D17: (H/M/L OR N/A)
B18: Asbestos | C18: Fatal lung cancer, mesothelioma and potentially fatal diseases including asbestosis and pleural plaques | E18: Do not enter the area where possible - view from outside?. If entry is required, trained personnel to wear FFP3 face mask, disposable overalls and gloves. Do not disturb debris. Do not use drying equipment - advise client of possible danger & arrange asbestos sampling as a priority.
B20: Structural instability of building due to fire damage, subsidence etc | C20: Buildings, floors, access & egress routes may prematurely collapse - fatal & major injuries including falls from height and crushing injuries | E20: Do not walk on, or by, affected suspended floors or structures that are liable to collapse. Consult with competent person prior to entry and liaise with fire brigade where possible. If high risk - do not enter building.
B22: Failing debris and structures | C22: Serious head injuries from being struck by falling objects including roof tiles, plasterboard, gutters etc | E22: If high risk do not enter area - assess damage away from danger zone. If there is a foreseeable risk of head injury - wear a hard hat.
B24: Working at heights | C24: Potentially fatal injuries caused by falling from roofs , through ceilings etc | E24: NEVER stand on roofs - view from an overlooking window?. If access still required onto roof, contact Eastwell for a safe system of work.
C27: Lacerations and fractures from falls from access equipment | E27: DO NOT use client stepladders or ladders for access. ONLY TRAINED personnel to use Davies registered equipment. Inspect stepladders and ladders prior to use for damage. Stepladders should be fully opened and used on a clean, level floor.
E29: Ladders should only be used for low risk, short duration work - be erected at an angle of 1 in 4, extend past the landing platform and be secured to prevent slipping. ONLY USE with assisting, trained, Davies employee.
B30: Damaged or exposed services | C30: Potentially fatal electric shock and gas explosion | E30: Do not touch or inspect any electrical services. Competent electrician to isolate electrical supplies prior to entry. Do not enter if there is a smell of gas. No smoking in premises.
B31: Entering flooded properties | C31: Exposure to biological agents including Weil's disease and E-Coli through contact with contaminated water (sewage) | E31: Is there a requirement to enter the premises? Wear disposable FFP3 face mask, disposable overalls & gloves, wellingtons and safety spectacles. Wash hands thoroughly after visiting site and before eating.
C33: Submerged dangers with serious injuries from slips, trips and falls | E33: Accompany client who will have a better awareness of potential hazards e.g. changes in level - Ensure electrical supply is isolated prior to entry.
B34: Aggressive environments | C34: Serious injuries from assault by client or 3rd parties especially after repudiation of claim | E34: Trained persons to assess for signs of aggression, alcohol and substance abuse. If in doubt, do not enter premises. Remain calm and avoid confrontation at all times. Leave immediately if the confrontation escalates beyond an expression of verbal frustration.
C36: Possible serious lacerations caused by animal attacks | E36: Do not enter property where there are loose dogs. Request that the owner secures the animal in a separate area.
B37: Lone working | C37: Serious assault by client or 3rd parties including neighbours | E37: Remain calm, professional and avoid confrontation - leave the property immediately if you feel threatened. Report the threat.
C39: Severity of injury increases with delayed treatment after an incident | E39: Ensure that your electronic calendar is up to date. Report into the office at agreed intervals. Always have your mobile phone ready in case an emergency arises. Do not enter the property if unaccompanied.
B40: Inspection at roadside | C40: Serious crushing injuries caused by impact with moving vehicle | E40: Position company car with hazard warning lights to provide protection - wear high visibility vest - complete inspection during quieter periods.
B41: Scenes involving fatality or wounding | C41: Absorption (blood and fluids) of biological agents including hepatitis through cuts and scratches in skin | E41: Do not touch any fluids or handle contaminated items. Wear disposable gloves & overalls, safety boots and safety spectacles.
C43: Needle stick injuries - injection of biological agents including HIV / AIDS and hepatitis | E43: Do not touch any needles. Move through the property carefully and try to avoid disturbing the contents. If an incident occurs seek medical attention immediately.
B44: Mold spores | C44: Infections after inhalation | E44: Wear disposable FFP3 face mask, gloves and overalls.
B45: Low lighting levels | C45: Lacerations and bruises from slips, trips and falls | E45: Use torch if necessary for additional lighting. Competent electrician to provide temporary 110V lighting.
B46: Risks
B47: Yes | C47: Additional control measures have reduced all risks to an acceptable level (L) and it is safe to enter the premises. Proceed with care and monitor conditions | E47: No | F47: DO NOT ENTER PREMISES - either introduce further control measures (document overleaf) or consult with company guidance for next step. | I47: FALSE
B49: =IF(I47=TRUE,"Safe","") | E49: =IF(I49=TRUE,"Unsafe","") | I49: FALSE
B50: Print Name | D50: Signed | E50: =C50 -> 0 | G50: Date

Sheet PAT Test
B2: POLICY HOLDER: | D2: =HOME!C6 -> 0
B3: ADDRESS: | D3: =HOME!C7 -> 0
B4: CLAIM REFERENCE: | D4: =HOME!C5 -> 0
B5: OPERATOR NAME: | D5: =HOME!C10 -> 0
B6: PAT Test Results / Certificate
B7: Ser No | C7: Appliance Description | D7: Model | E7: Serial No | F7: Test Date | G7: Visual | H7: Polarity | I7: Earth Continuity (Ohms) | J7: Insulation (MOhms) | K7: Load (kVA) | L7: Overall Status

Sheet BER List
B2: POLICY HOLDER: | C2: Mrs Louisa Scarr & Mr Nicholas Scarr
B3: ADDRESS: | C3: 1 Riverside Cottages The Dean, Alresford, SO24 9BE
B4: CLAIM REFERENCE: | C4: 90964727181
B5: OPERATOR NAME: | C5: Rob Beaufoy
B6: BER Inventory
B7: Item Description | C7: Make / Model numbers | D7: Photo taken | E7: Details of Damage to item caused by peril? | F7: Restoration not applicable - why | G7: Receipt available Y/N | H7: Purchase Price
B8: Golf Buggy | C8: Motocady M7 | D8: Yes | E8: Sewrage Flood | F8: N/A | G8: N
B9: x2 Floor Rugs | C9: N/A | D9: Yes | E9: Sewrage Flood | F9: N/A | G9: N
B10: 1x set of curtains | C10: N/A | D10: Yes | E10: Sewrage Flood | F10: N/A | G10: N
B11: x2 non slip under floor rugs | C11: N/A | D11: Yes | E11: Sewrage Flood | F11: N/A | G11: N
B12: 1x sound bar | C12: Majority | D12: Yes | E12: Sewrage Flood | F12: N/A | G12: N
B13: 11x photo frames | C13: N/A | D13: Yes | E13: Sewrage Flood | F13: N/A | G13: N
B32: Policyholder Signature | D32: Operative Signature | G32: Date

Sheet Contents Inventory
B2: POLICY HOLDER: | C2: =HOME!C6 -> 0
B3: ADDRESS: | C3: =HOME!C7 -> 0
B4: CLAIM REFERENCE: | C4: =HOME!C5 -> 0
B5: OPERATOR NAME: | C5: =HOME!C10 -> 0
B6: Contents Inventory
B8: Serial | C8: Item | D8: Model Number | E8: Serial number | F8: Where Stored | G8: Photos | H8: Pre-incident damage | I8: Comments
B30: Policyholder Signature | D30: Operative Signature | H30: Date

Sheet Furniture Restoration
B2: POLICY HOLDER: | C2: =HOME!C6 -> 0
B3: ADDRESS: | C3: =HOME!C7 -> 0
B4: CLAIM REFERENCE: | C4: =HOME!C5 -> 0
B5: OPERATOR NAME: | C5: =HOME!C10 -> 0
B6: Furniture Restoration
B7: Item Description | C7: Description of Damage | D7: Pre-Incident Damage Photo | E7: Restoration Company Appointed? | F7: Approximate Age | G7: Receipt Available? Y/N | H7: Purchase Price | I7: Estimated Replacement Value | J7: Restoration Costs

Sheet Dry Cleaning & Laundry
B2: POLICY HOLDER: | C2: =HOME!C6 -> 0
B3: ADDRESS: | C3: =HOME!C7 -> 0
B4: CLAIM REFERENCE: | C4: =HOME!C5 -> 0
B5: OPERATOR NAME: | C5: =HOME!C10 -> 0
B6: DRY CLEANING & LAUNDRY RESTORATION
B7: Item Description | C7: Pre-Incident Damage Photo | D7: Quantity | E7: Dry Clean or Launder? (D or L) | F7: Restoration Company Appointed?Who | G7: Has PH confirmed they want item restoring? Y/N | H7: Purchase Price | I7: Estimated Replacement Value | J7: Restoration Costs

Sheet Drying Method Justification
B4: Drying Methodology Justification
B6: Response Reference Number | E6: =HOME!C5 -> 0
B7: Policyholder | E7: =HOME!C6 -> 0
B8: Address | E8: =HOME!C7 -> 0
B9: Postcode | E9: =HOME!C8 -> 0
B10: Response Operator | E10: =HOME!C10 -> 0
B11: Technician Name | E11: =HOME!C12 -> 0
B12: Date
B14: Cause
B16: Building Construction / Area
B17: Floors
B18: Walls
B19: Ceilings
B21: Asbestos Testing | D21: Yes / No
B22: Removal of Contents Required? | D22: Yes / No
B24: Speed Drying Methods To Be Utilised?
B26: Speed Drying Appropriate? | D26: Yes / No
B27: Trailer | C27: Yes / No | D27: ADS3000 | E27: Yes / No | F27: Drymatic | G27: Yes / No
B28: HPV | C28: Yes / No | D28: Injection | E28: Yes / No | F28: DAD Blankets | G28: Yes / No
B30: Details of Drying Application
B32: If No, Details Reasons
B35: Conventional Drying | D35: Cost | F35: Duration
B36: Speed Drying | D36: Cost | F36: Duration
E38: Details / Areas / Extent
B39: Strip Out Required If Conventional Drying | D39: Yes / No
B41: Strip Out Required If Speed Drying | D41: Yes / No

Sheet Removal & Storage Requirement
B2: Removal & Storage Requirement
B5: Claim Details
B6: Response Reference Number | E6: =HOME!C5 -> 0
B7: Policyholder | E7: =HOME!C6 -> 0
B8: Address | E8: =HOME!C7 -> 0
B9: Postcode | E9: =HOME!C8 -> 0
B10: Telephone | E10: =HOME!C9 -> 0
B11: Response Operator | E11: =HOME!C10 -> 0
B12: Technician Name | E12: =HOME!C12 -> 0
B13: Date
B15: Client Details
B16: Client Branch | E16: =HOME!C13 -> 0
B17: Client Handler | E17: =HOME!C14 -> 0
B18: Client Reference
B20: Storage Details
B21: Service Required
B22: Required From Date
B23: Approx Length Required (Months)
B24: Details (rooms, items etc) | E24: See Provided Inventory
B26: Removals Only
B27: Storage Only
B28: Removal & Storage
